created_at,tweet,author,retweeted,source,retweet_count,favorite_count,in_reply_to,coordinates
2021-12-01 00:08:36,"Bom tamb√©m que esse √© mais um cliente, um lugar que faz evento mesmo, que n√£o pedia de mim tinha uns 3 anos. Todo cliente que eu tinha t√° voltando pro colo do homem aqui, maravilhoso demais.",ojudeuateu,False,Twitter for Android,0,25,ojudeuateu,
2021-12-01 00:07:10,"Pior que pra essa Dezembro eu tava muito adiantando tudo que dava, na maior vibe de vai ser tranquilo, a√≠ chegou esse pedido enorme e acho que nem vou parar de ter dia como hoje at√© o final do ano. √â bom, mas fodeu por completo meu cronograma.",ojudeuateu,False,Twitter for Android,0,26,,
2021-11-30 22:29:54,Definitivamente li essa sigla de outra forma pela primeira vez. https://t.co/InfbjEJ99n,ojudeuateu,False,Twitter for Android,3,36,,
2021-11-30 22:28:20,"De boa aqui fazendo 800 unidades de doce num dia s√≥, juro se qualquer restaurante que eu vendo soubesse que √© literalmente s√≥ eu, minha m√£e e irm√£ trabalhando aqui, come√ßariam a pagar o dobro s√≥ pelo choque.",ojudeuateu,False,Twitter for Android,0,37,,
2021-11-30 22:23:00,"@df_porto N√£o dou nem 5 dias pra primeira mat√©ria de ""Dom√©stica infectada por omicron trabalhava para casal que voltou semana passada da Hungria""",ojudeuateu,False,Twitter for Android,0,6,df_porto,
2021-11-30 20:39:52,"Quem quer ficar apontando o dedo e se indignando boa sorte, vai fazer o que? Se n√£o dava pra fazer nenhum controle antes, vai fazer agora? Que todo mundo j√° entendeu que n√£o √© em prol de nenhum futuro melhor?",ojudeuateu,False,Twitter for Android,1,28,ojudeuateu,
2021-11-30 20:37:19,"Esse neg√≥cio dos caras deixarem os aeroportos desse pa√≠s completamente escancarados pra riquinho passar, √© t√£o igual ao come√ßo da pandemia, que eu juro que n√£o tenho nem √¢nimo pra indigna√ß√£o mais. S√©rio, 100% de respeito pra quem quer fingir que t√° tudo normal e pandemia acabou. https://t.co/jWraNRNPL3",ojudeuateu,False,Twitter for Android,11,110,,
2021-11-30 20:27:36,@Lobo_paranoico De nada.,ojudeuateu,False,Twitter for Android,0,0,Lobo_paranoico,
2021-11-30 20:16:56,@Lobo_paranoico Tenta ficar um pouco da lado direito da casa pra compensar um pouco amiga.,ojudeuateu,False,Twitter for Android,0,0,ojudeuateu,
2021-11-30 20:15:43,"@Lobo_paranoico 35 de Calor¬∫ e 90 de Frio¬∫, parece bem equilibrado.",ojudeuateu,False,Twitter for Android,0,7,Lobo_paranoico,
2021-12-01 10:36:41,"Izzo, h√° algum tempo eu venho pensando e desenvolvendo uma forte afirma√ß√£o, quero que voc√™ julgue.
Naruto √© o man‚Ä¶ ‚Äî Eu concordo plenamente.  https://t.co/6vHYGXdp0V",Izzombie,False,Twitter Web App,0,2,,
2021-12-01 03:26:22,"Mas as legendas do HBO Max pioram a cada epis√≥dio....

O que aconteceu aqui? https://t.co/Fq9LgyH7qc",Izzombie,False,Twitter Web App,1,26,,
2021-12-01 02:53:56,@desu_rafa isso.,Izzombie,False,Twitter Web App,0,0,desu_rafa,
2021-12-01 02:50:30,"Elas seria ent√£o, uma c√≥pia melhor do que a original? ‚Äî Eu n√£o diria melhor. Eu acho que a diferen√ßa √© mais no ambiente do que nelas. Sei l√° se a Harley vivendo em Zaun se portaria muito diferente da Jinx. Idem pra Jinx vivendo em‚Ä¶ https://t.co/P88aYp4EUk",Izzombie,False,Twitter Web App,0,0,,
2021-12-01 02:49:00,"@desu_rafa Eu prefiro os de Black Clover.

Inclusive, tem um caso fascinante da Kana e da Vanessa... que s√£o literalmente o mesmo personagem em dois mang√°s diferentes e eu acho o visual da Vanessa bem mais legal. https://t.co/0D7gC69Q9C",Izzombie,False,Twitter Web App,0,2,desu_rafa,
2021-12-01 02:41:58,Qual o maior m√©rito de Black clover? ‚Äî Fazer bem-feito tudo o que Fairy Tail fez. E ser tudo o que Fairy Tail quis ser. https://t.co/vOt0QEtEQH,Izzombie,False,Twitter Web App,0,12,,
2021-12-01 02:40:56,"izzo, vc tem kin em algum personagem? ‚Äî Eu admito que mal entendo o que significa ter kin em personagem.

Giria de jovens, eu sou de outro s√©culo, gente. https://t.co/JxplGJWyTm",Izzombie,False,Twitter Web App,0,1,,
2021-12-01 02:20:34,"Se o v√≠deo da Samara se espalhasse com as pessoas fazendo c√≥pia e passando pra frente at√© que todos do mundo tenh‚Ä¶ ‚Äî Tem que ver isso a√≠.

A maldi√ß√£o acabaria se a Samara ficasse satisfeita com o resultado final da situa√ß√£o. https://t.co/UR3GSnD9OC",Izzombie,False,Twitter Web App,0,0,,
2021-12-01 00:24:02,"O que da jump voc√™ t√° lendo torcendo pra ser cancelado/acabar logo? ‚Äî Black Clover, Sakamoto Days, High School Family e PPPPPP https://t.co/ddr7Z2sCiy",Izzombie,False,Twitter Web App,0,2,,
2021-12-01 00:13:31,@BlackPantiesFC Esse n√£o √© o Katakuri?,Izzombie,False,Twitter Web App,0,0,BlackPantiesFC,
2021-11-30 00:58:43,@snwgfofficial bom‚Ä¶ devilman talvez n√£o seja a melhor escolha mesmo KAKDKSMFMAMDMSDKSK,quadroembranco,False,Twitter for iPhone,0,1,snwgfofficial,
2021-11-30 00:58:15,@evolha_joga Vamos tentar manter uma frequ√™ncia dahora de dica por aqui!,quadroembranco,False,Twitter for iPhone,0,1,evolha_joga,
2021-11-30 00:44:14,@snwgfofficial √© s√≥ esconder bem!,quadroembranco,False,Twitter for iPhone,0,1,snwgfofficial,
2021-11-30 00:40:04,esse aqui https://t.co/BFvv1vyNIY,quadroembranco,False,Twitter for iPhone,0,3,quadroembranco,
2021-11-30 00:39:08,"Quando fiz o v√≠deo ‚ÄúA Direita tentou acabar com os mang√°s?‚Äù, Devilman tava esgotado e t√¥ passando pra lembrar que o mang√° completo j√° voltou pra estoque! Pelos nossos links, com 30% de desconto, ainda ajuda a gente üî•

Volume 1: https://t.co/ioxZARYpEy
2: https://t.co/HpagnHLScA https://t.co/r9jqm8eZ4i",quadroembranco,False,Twitter for iPhone,2,57,,
2021-11-30 00:35:53,"@Rejerythe7th s√≥ coisa linda, coisa bacana",quadroembranco,False,Twitter for iPhone,0,1,Rejerythe7th,
2021-11-29 18:51:52,"@bxrgesavage n√£o t√° nos planos, mal parei pra ouvir!",quadroembranco,False,Twitter for iPhone,0,1,bxrgesavage,
2021-11-28 18:47:26,@joaoguiss05 @Borelio5 ‚ù§Ô∏è‚ù§Ô∏è‚ù§Ô∏è,quadroembranco,False,Twitter for iPhone,0,2,joaoguiss05,
2021-11-26 22:17:15,"@radio1042 rola um delayzinho at√© a gente receber a confirma√ß√£o mas eu atualizei no meio do m√™s, pra entregar as recompensas a gente chama direto pelo e-mail cadastrado na campanha! se ainda n√£o rolou no m√°ximo at√© o fim do m√™s consigo atualizar dnv ‚ù§Ô∏è",quadroembranco,False,Twitter for iPhone,0,1,radio1042,
2021-11-26 18:02:41,@Kelroth ta valendo DEMAIS,quadroembranco,False,Twitter for iPhone,0,1,Kelroth,
